timestamp_iso8601,usuario,hoja,celda,valor_anterior,valor_nuevo,accion,norma_aplicada,observaciones
2026-09-14T09:01:55.343995-04:00,Auditor Forense ISO (Antigravity Senior Agent),global,A1,SHA-256: 8c669061392782d04aaa4ef43ecbd227d8f8fb7d0c8af7572f3d0c33c224743d,"Backup generado (.xlsx, .csv x5, .json)",seguridad_backup_previa,ISO/IEC 27001 §8.13,Respaldo íntegro tripartito en Backups/2026/ verificado
2026-09-14T09:01:55.343995-04:00,Auditor Forense ISO (Antigravity Senior Agent),registro de ventas diarias,A1:H2,Hoja desnormalizada con datos agregados,Migrado a resumen_diario y eliminada hoja,eliminacion_hoja_duplicada,ISO 8000 / 3FN,Respaldo persistido en CSV y JSON previo a remoción
2026-09-14T09:01:55.343995-04:00,Auditor Forense ISO (Antigravity Senior Agent),registro de compras de dolares,A1:J2,Hoja mal nombrada con venta de pantalon,"Descompuesta en clientes, inventario y ventas",normalizacion_3fn,ISO 8000 §4.2,Corrección de inconsistencia monto_bs=0 -> 9480.00
2026-09-14T09:01:55.343995-04:00,Auditor Forense ISO (Antigravity Senior Agent),compras,A1:I1,Hoja compras con columna 9 nula,Renombrada compras_divisas con encabezados snake_case,renombrado_esquema,ISO 8000 §4.1,Normalización semántica de divisa y retiro de columna vacía
2026-09-14T09:01:55.343995-04:00,Auditor Forense ISO (Antigravity Senior Agent),clientes,A1:F2,No existía entidad de clientes,Creada hoja clientes con ID c00000001 y datos anonimizados,creacion_entidad,GDPR Art. 5 / NIST SP 800-53,Teléfono E.164 +584120000001 y email regex compliant
2026-09-14T09:01:55.343995-04:00,Auditor Forense ISO (Antigravity Senior Agent),inventario,A1:G2,Encabezado 'precio usd' con espacio,"Renombrado 'precio_usd', producto p00000001 añadido",normalizacion_esquema,ISO 8000 §4.2,Catálogo maestro normalizado para relación 1:N
2026-09-14T09:01:55.343995-04:00,Auditor Forense ISO (Antigravity Senior Agent),inventario,H1:I2,Sin campos multimedia,Agregadas columnas foto_url y foto con =IMAGE(foto_url),adicion_campos_multimedia,ISO 8000 §4.2 / RFC 3986,Integración con Google Drive para almacenamiento externo y renderizado dinámico en celda
2026-09-14T09:01:55.343995-04:00,Auditor Forense ISO (Antigravity Senior Agent),ventas,A1:O2,Columnas mayúsculas y desnormalizadas,"15 columnas snake_case, FKs validadas y columna 'validacion'",normalizacion_3fn,ISO 8000 §5.3,Fórmulas dinámicas con consistencia matemática OK
2026-09-14T09:01:55.343995-04:00,Auditor Forense ISO (Antigravity Senior Agent),resumen_diario,A1:H2,No existía hoja de resumen automático,Creada hoja protegida con COUNTIF y SUMIF dinámicos,creacion_resumen,COBIT 2019 / ISO 27001,Hoja de solo lectura protegida contra modificaciones accidentales
2026-09-14T09:01:55.343995-04:00,Auditor Forense ISO (Antigravity Senior Agent),cuarentena,A1:G3,No existía repositorio de anomalías,Creada hoja cuarentena con registros históricos originales,trazabilidad_forense,COBIT 2019 DSS05,Preservación estricta de evidencia sin pérdida de datos
